,word1,word2,score
0,fretted,mother,1.43651294328
1,dramatic,warbling,1.99975326287
2,social,malaise,1.1763296292
3,hen,mother,1.15640566524
4,wrung,washing,1.32700561866
5,mere,decoration,1.00959439281
6,independence,form,1.46764838585
7,sympathy,rose,1.09570127496
8,resources,injection,1.39617019159
9,bestowed,cause,1.37836181425
10,cut-throat,world,1.68539360753
11,curb,theatrical,1.33899953269
12,cat,swing,1.46957317534
13,method,bang,1.4404011061
14,decorative,smartness,1.56306509736
15,fallen,hammer,1.12493330307
16,programmes,resistance,1.56641359421
17,slopes,broad,1.08338308166
18,smack,modest,1.8885885267
19,example,lured,1.33899953269
20,imagination,failure,1.26557061342
21,images,stereotypical,1.24544921555
22,emulate,passing,1.43833949062
23,feelings,probing,1.44585060212
24,followed,swiftly,1.30897212442
25,chest,fountain,1.28596967105
26,ranks,melt,1.27670172035
27,propensity,choose,1.5147348155
28,creative,drive,1.22044921555
29,named,magically,1.48236576726
30,frame-up,victim,1.28092444633
31,intellectual,mould,1.42146351899
32,operator,under-used,1.07770665359
33,prosperous,adviser,1.43358523236
34,reflected,glory,1.91493987805
35,hawk,whistling,1.500211751
36,carpet,Deep,1.6371759892
37,races,umpire,1.92340995527
38,door,revolving,1.35804226765
39,discernible,feature,1.35678904433
40,contagious,richly,1.80752792064
41,rocks,responding,1.59103575594
42,activity,hive,1.86041156084
43,gods,air,1.52886312343
44,worry,score,1.2312892981
45,temptation,feeds,1.31852613862
46,dialectic,adversaries,1.8001827296
47,jagged,recesses,1.21477708789
48,patriotism,wave,1.09389786939
49,instructions,chains,1.46116239211
50,considerations,stand,1.40339723574
51,invaders,repelling,1.58649810428
52,riddled,seen,1.50957437034
53,awkwardly,fiddled,1.40160364181
54,campaigns,orchestrated,1.50195618155
55,rods,infant,1.49995317985
56,ideal,defining,1.3432651358
57,salad,attacked,1.2394102407
58,history,decomposes,1.76853398604
59,crowned,elevation,1.41198813927
60,spy,port,1.93398863548
61,mutinous,condition,1.41206953457
62,sore,Stuck,1.04875260401
63,penury,slipped,1.92340995527
64,ceremonial,armour,1.4859661273
65,sufficiently,refined,1.42373093361
66,space,overflow,1.02961588592
67,bury,reservations,1.04105274159
68,dramatist,uncover,1.18583871575
69,pillbox,mouth,1.74475561287
70,lasciviously,dropped,1.72986548871
71,artistic,terrain,1.20310966066
72,songs,emblems,1.76605968338
73,expression,regard,1.42373093361
74,masonry,craft,1.16621534458
75,rust,succumbed,1.71894081784
76,fascination,exert,1.018409542
77,totally,expunged,1.06424121898
78,words,furnish,1.47672253188
79,riots,propelled,1.36414601848
80,direction,discerned,1.49128817012
81,remove,scourge,1.39545242967
82,powder-keg,leads,1.11222525982
83,swathe,lay,1.3216867084
84,rod,golden,1.50995818376
85,puff,dust,1.40529916359
86,midwife,freedom,1.37184288636
87,infusion,physical,1.05297287799
88,bridge,boasted,1.0694911458
89,vicissitudes,markets,1.33899953269
90,mincemeat,bloody,1.67127676494
91,specificity,virtues,1.5572146253
92,ring,bells,1.26945599539
93,leather,affair,1.38755418878
94,extenuating,defined,1.32886150033
95,opposite,worlds,1.03881165798
96,advent,languages,1.34702172384
97,sleek,sliding,1.37364414165
98,feeling,amorous,1.449240219
99,indifference,extreme,1.28557683635
100,cut-and-dried,views,1.30107306084
101,planet,path,1.76530348477
102,property,portfolio,1.10192357823
103,heinous,forms,1.63867439664
104,faculty,immature,1.08305475871
105,burns,running,1.77835531244
106,conifers,packed,1.04105274159
107,intensity,serious,1.47639750743
108,dilapidated,pillbox,1.08630793893
109,nymphos,hop,1.29643196512
110,iconoclasm,fell,1.03541861261
111,trouble,idiosyncratic,1.1492621611
112,air,vibrating,1.32133641936
113,operations,overlay,1.13308334051
114,waste,chain,1.90666907399
115,transformed,depth,1.01442357823
116,companionship,uncensorious,1.9753772591
117,auctions,attractive,1.6276124257
118,words,control,1.12092880829
119,thicket,inpenetrable,1.5131902264
120,all-green,world,1.86316869725
121,struggle,uphill,1.29431849299
122,financial,strain,1.20273170178
123,mess,discordant,1.6045998057
124,customary,sense,1.31717550545
125,comment,curious,1.01660421218
126,block,yielding,1.37624117202
127,paperwork,catch,1.32669900252
128,tiny,scatter,1.259225485
129,looks,read,1.02961588592
130,able,nail,1.02579998424
131,determined,coldly,1.60493967845
132,rags,thrown,1.47561135757
133,western,struggling,1.42373093361
134,jacket,boxy,1.44180463893
135,pair,piqued,1.20310966066
136,silence,game,1.30941820607
137,boundaries,frozen,1.40787567883
138,apocalyptic,tones,1.91493987805
139,keeping,lid,1.29978563367
140,sprinkled,joust,1.44558351429
141,practico-,inert,1.88602879929
142,falling,parachutist,1.99975326287
143,upheavals,confined,1.08891190449
144,heap,visited,1.18294993372
145,-elaborate,imagery,1.2002064148
146,totalization,law,1.49627774064
147,sans,pilgrimage,1.62655792736
148,recession,heated,1.33845935597
149,multiplier,asset,1.34544921555
150,valley,lonely,1.97503940981
151,civilised,cast,1.37905422139
152,subsumption,eluded,1.64353398604
153,corduroy,battalions,1.29948340366
154,dreams,transmute,1.76605968338
155,tang,half-,1.38755418878
156,smiles,broke,1.1480362145
157,totalization,struggles,1.290327936
158,technology,masculine,1.81587450841
159,longed,hook,1.16923526318
160,light,specks,1.16314744998
161,degrees,borderlines,1.03397316702
162,blending,tonally,1.87237231049
163,transformed,indictment,1.82941996296
164,weathered,fury,1.47281227445
165,times,conscious,1.59473060381
166,rested,tourists,1.06277456211
167,rhythmically,fusion,1.36977271515
168,arbitrary,line,1.39593444251
169,individuals,nailed,1.5426281766
170,stylistic,gloss,1.33383462202
171,smother,shot,1.09959816455
172,cry,loot,1.48709868555
173,streets,grim,1.14897869204
174,carving,smothered,1.18918525414
175,remand,centre,1.43904959963
176,sources,derived,1.1617163596
177,tower,hugged,1.12579786848
178,scatter,dreamed,1.67454451801
179,holes,riddled,1.42413519597
180,upperworks,splayed,1.21533759181
181,novel,slender,1.94260697738
182,silver,mallet,1.09043925968
183,fears,attendant,1.07691535116
184,archaic,fertility,1.69062316153
185,draw,punters,1.36616484526
186,articulation,sets,1.73539270399
187,attitudes,fostering,1.24070112518
188,adapts,section,1.03302934528
189,evidence,sorry,1.34052952718
190,totalizing,movement,1.8885885267
191,popularity,inverted,1.58364851794
192,incisive,content,1.34008766866
193,pouted,models,1.56895474615
194,fishing,Coarse,1.81570249116
195,aesthetic,destructive,1.04105274159
196,architect,wheeled,1.14991530187
197,emotionally,undemanding,1.45469846385
198,couture,model,1.11120836254
199,physical,infusion,1.07691535116
200,ahead,press,1.02961588592
201,state-,masonry,1.46220474771
202,masculine,packaging,1.73129560189
203,rigid,attitudes,1.41786300865
204,paving,deal,1.51572688275
205,stupid,farts,1.34955019031
206,negotiating,machinery,1.56353149947
207,piece,humourless,1.04258548648
208,national,spine,1.54780984977
209,encapsulisation,images,1.44607822751
210,voice,stroked,1.11310376848
211,spirits,lowest,1.39702480636
212,foundations,blend,1.41054004987
213,swirling,oiliness,1.99975326287
214,local,nut,1.01660421218
215,leggy,filly,1.85935513793
216,view,bleak,1.28729718324
217,view,detached,1.07691535116
218,aesthetic,monumental,1.52150568815
219,metaphorical,power,1.49128817012
220,dress,blending,1.17912482143
221,pay,spine,1.46813293471
222,peak,health,1.03743866149
223,shriek,little,1.54838582003
224,conscience,stain,1.35804226765
225,smoke,plumes,1.23045606076
226,ego-identity,acquisition,1.80697418555
227,hedge,struggling,1.99975326287
228,fast,goes,1.48229889075
229,reporting,contingent,1.51294332028
230,burned,cloud,1.24087351365
231,lights,hopping,1.32566973492
232,stage,foreclosure,1.45663701222
233,particularly,attractive,1.02961588592
234,inner,mechanism,1.31886440789
235,boat,dry,1.58309895271
236,rebellion,emblems,1.35751606987
237,elaborate,grew,1.30374900677
238,comital,position,1.17438756586
239,model,linking,1.22245424452
240,bit,teeny,1.01445959263
241,increase,catastrophic,1.09043925968
242,psychology,cloudy,1.64779422245
243,task,uphill,1.28764700756
244,politics,low,1.58971864164
245,russet,oiliness,1.4825900128
246,unambiguously,measured,1.30374900677
247,masses,mother,1.90556232403
248,mandarinate,game,1.99961601564
249,aim,underpinned,1.54236370394
250,activity,undemanding,1.36100877639
251,cup,walks,1.0703240631
252,campaign,penetrated,1.17835971412
253,art,considered,1.02961588592
254,praxis,movement,1.78326893041
255,squirrel,slithered,1.00276445261
256,unheralded,descents,1.11265929028
257,leafy,retreat,1.71912212354
258,swallow,waiting,1.60455141584
259,history,articulation,1.47468630064
260,brains,beetle,1.18126834706
261,letters,flood,1.54068569145
262,anti-institution,true,1.46030428707
263,sleekly,racehorse,1.90213398125
264,called,cuts,1.03543471374
265,lichen,shaggy,1.69598447708
266,start,wretched,1.47828303455
267,reform,momentum,1.63304440118
268,rose,sympathy,1.39097243468
269,logic,lose,1.01660421218
270,novel,anaemic,1.99975326287
271,colonial,trauma,1.06390367742
272,reminder,cold,1.2114338275
273,canvass,system,1.23652290394
274,divergence,sharpened,1.500211751
275,crisis,malaise,1.32714508416
276,sun,patch,1.39108619186
277,mood-,piece,1.04105274159
278,step-over,neat,1.9753772591
279,extinguished,chandeliers,1.46863982067
280,concrete,-battered,1.86629259906
281,schools,control,1.52879007043
282,over-balance,threatening,1.04105274159
283,effect,blunted,1.49421459288
284,tasty,changed,1.10132073093
285,smell,wreathed,1.27491027068
286,temperament,helping,1.40216178292
287,discordant,elements,1.02978346844
288,investment,farsighted,1.69260592669
289,dimensions,symbolised,1.27313205231
290,name,dropped,1.32700561866
291,riches,Dazzling,1.5311537971
292,evident,resources,1.16495085556
293,disciplined,nature,1.09570127496
294,ensemble,movement,1.82941996296
295,terrible,blocks,1.31204744728
296,individual,incarnation,1.39457146277
297,reputations,pitched,1.22948589252
298,aerials,whip-,1.4217015872
299,heinousness,mark,1.64386462872
300,shame,burned,1.46777931857
301,crusading,products,1.43349781531
302,linking,malaise,1.23449942618
303,area-weighted,shares,1.40432683635
304,contradiction,account,1.07691535116
305,still-water,courses,1.09043925968
306,cognac,laced,1.41192932136
307,forms,humanised,1.56204268232
308,Choke,Price,1.31332067877
309,toy,count,1.32700561866
310,avant-garde,heart,1.11474373737
311,pleasantly,low,1.07479917834
312,theory,synthesizing,1.9753772591
313,accent,luscious,1.77449835726
314,frustration,boiled,1.21268855675
315,immaculately,painted,1.99975326287
316,formulation,plan,1.09810767655
317,polders,Drifting,1.30515260296
318,parental,dimensions,1.30692235481
319,unity,larger,1.10192357823
320,culture,sacrifice,1.62612474242
321,participation,breadth,1.10757729027
322,modelling,package,1.02351605485
323,stomach,lurched,1.51716883253
324,fury,bellowing,1.9753772591
325,mile,lonely,1.69260592669
326,restrictions,resides,1.0989536684
327,adolescence,turbulence,1.8885885267
328,set,smartly,1.02579998424
329,Bit,body,1.08275735285
330,fixtures,secure,1.53975483503
331,arguments,accept,1.05420175665
332,response,flat,1.33486032788
333,existence,centre,1.0694911458
334,scabious,waving,1.05791762203
335,industry,uncomfortable,1.08131736667
336,discomfort,squirming,1.70989869793
337,armour,grew,1.67339629296
338,acquiesce,inclined,1.05420042116
339,richly,contagious,1.78119500681
340,unity,foster,1.50716451488
341,na√Øvely,map,1.20266357902
342,sleight,hand,1.37286314298
343,speakers,regiment,1.39953480255
344,probing,sensitive,1.39097243468
345,instructions,armed,1.05554878996
346,heart,light,1.73608244831
347,authoritarian,attitudes,1.43034049937
348,gravity,enormous,1.43905093158
349,totalizing,breaks,1.09043925968
350,decent,down-setting,1.1239732328
351,speculation,continuous,1.38877597607
352,roots,tackling,1.24515967348
353,lines,solitary,1.02961588592
354,policy,mobilised,1.09570127496
355,dominate,responses,1.01516665894
356,penetrated,sign,1.3488473843
357,unbecomingly,fooled,1.03689631245
358,sessions,sandwiched,1.47828303455
359,omission,charged,1.45105240808
360,appeal,ringing,1.34544921555
361,infinite,richness,1.42687625677
362,dreams,gentle,1.33899953269
363,distribution,rectangular,1.09389786939
364,structure,negation,1.61591704449
365,vicissitudes,cushion,1.34585561966
366,hear,gulping,1.14049822233
367,neglect,sense,1.02961588592
368,universal,presumes,1.55975020225
369,lie,nailed,1.34693675955
370,sounding,worth,1.53328478625
371,day,funny,1.32886150033
372,evasions,nail,1.34656128185
373,shattered,calm,1.03857707346
374,metaphorical,borderlines,1.40827329126
375,valve,seats,1.04711265386
376,smell,faint,1.37338502209
377,furnace,mouth,1.2637789039
378,moment,movement,1.19403968139
379,canvas,wider,1.23167774159
380,principle,breach,1.11687756184
381,offered,distractions,1.52671590562
382,definition,underpinned,1.07846022381
383,garden,mood,1.9276648161
384,absenteeism,features,1.43349781531
385,hell,Bloody,1.15640566524
386,pin,system,1.81078774487
387,hands,changed,1.63129102981
388,petal,fall,1.9753772591
389,confused,sheets,1.77835531244
390,conferred,lustre,1.55361254624
391,minds,fearful,1.34372600177
392,Samoan,wing,1.08131736667
393,vote,urging,1.44088253409
394,silent,world,1.34057282811
395,drew,magnetism,1.02961588592
396,corner,fight,1.23449942618
397,inpenetrable,thicket,1.36481070732
398,prisoners,customers,1.1617163596
399,maturity,hallmark,1.45550797714
400,disregarded,signs,1.02961588592
401,drawn,sources,1.11221714532
402,career,wane,1.0694911458
403,killing,degree,1.47179779825
404,poltergeist,stunt,1.67243489503
405,susceptibilities,cater,1.58751341005
406,reign,values,1.07691535116
407,slopes,breasted,1.99975326287
408,regard,prudent,1.47074343518
409,crime,encompassed,1.34362426664
410,experience,ageing,1.12201230598
411,dawn,prospect,1.88167655427
412,beliefs,fluid,1.80162777706
413,tears,angry,1.20210651704
414,wearer,weaknesses,1.20110346743
415,excitement,suppressed,1.43408759181
416,immanence,relationship,1.23888995753
417,stuff,chartsey,1.38289407017
418,drunkenly,dipping,1.41001959553
419,hitherto,stable,1.43348630719
420,couture,expanding,1.40637591758
421,voice,transceivered,1.8001827296
422,economic,malaise,1.33404364748
423,business,pain,1.20793570615
424,romance,quashed,1.62716303625
425,pocket,dug,1.53598597232
426,buzzard,eyrie,1.74677992148
427,sort,dot,1.377975485
428,afternoon,drowsy,1.28970647953
429,singularization,force,1.69598447708
430,round,ribbon,1.1338781257
431,repelling,invaders,1.35424998497
432,movement,operative,1.07691535116
433,outriggers,splayed,1.56937069597
434,phenomenon,marginal,1.64386462872
435,Humbers,lumpen,1.76319952242
436,periods,smouldered,1.33486032788
437,hillside,sweeps,1.50957437034
438,correlative,return,1.10739480322
439,foreclosure,stage,1.29179254548
440,hostess,blossomed,1.10192357823
441,discreetly,reduced,1.56699411347
442,inter-relationship,inverted,1.43624841512
443,discerned,direction,1.49128817012
444,tape,comes,1.11687756184
445,determination,coupled,1.40160364181
446,trussing,line,1.54443313965
447,showrooms,swept,1.42409049937
448,pilgrimage,sans,1.3884624385
449,dash,add,1.48013763941
450,sense,decay,1.48856884024
451,exert,provisions,1.07538736424
452,forces,reaction,1.04105274159
453,offence,gravity,1.07691535116
454,role,forms,1.14509172272
455,hand,distracted,1.39664163398
456,Mildness,carriage,1.41448501965
457,domestic,settings,1.50691818938
458,hope,lose,1.08135690399
459,truly,experimental,1.20987053534
460,art,world,1.26102842046
461,handshake,cool,1.42047821835
462,ego-identity,stage,1.33713895375
463,offence,ingredients,1.9753772591
464,issue,interplay,1.38314039568
465,rowing,courses,1.01660421218
466,accounts,autonomy,1.11687756184
467,conception,clinging,1.10739480322
468,articulates,framework,1.09438312947
469,life,tides,1.61143691906
470,pages,graced,1.28496534458
471,look,bent,1.39801237052
472,multiplicity,produced,1.39809827886
473,political,spin-offs,1.76852647811
474,details,interspersed,1.5538264195
475,evidence,struck,1.16495085556
476,finance,habit,1.30374900677
477,reaction,flat,1.24625525607
478,argument,plank,1.24696244754
479,hugged,brood,1.33899953269
480,cross-cultural,stress,1.12473227106
481,expensive,prohibitively,1.45421038566
482,totalizing,force,1.44306499751
483,smell,crisp,1.2298421846
484,giggle,nervous,1.51655489337
485,feminisations,trauma,1.13505057375
486,fallen,sharply,1.43326289645
487,bleak,outlook,1.36175105215
488,eye,manufactured,1.2394102407
489,roof,gone,1.01516665894
490,rationality,stakes,1.54665210692
491,movement,ensemble,1.19856418433
492,soil,insatiable,1.8001827296
493,statistics,shaped,1.33899953269
494,ghettos,black,1.27681289759
495,rein,tight,1.38455019031
496,bouts,sharp,1.62173135875
497,trafficking,spiral,1.36977271515
498,intelligible,stage,1.8001827296
499,Biblical,motifs,1.63598307628
500,hair,mop,1.49668750633
501,shot,rising,1.25775603806
502,upward,rolling,1.20310966066
503,task,synthesis,1.43593959914
504,evident,tension,1.07691535116
505,elephants,clumps,1.44253483714
506,accentuated,lines,1.58956569314
507,friend,Neanderthal,1.80752792064
508,apparent,painfully,1.3488473843
509,wash,tides,1.29986746569
510,punishment,resides,1.20446698459
511,prestige,soared,1.35804226765
512,masters,market,1.57630738962
513,model,clarity,1.07691535116
514,diversified,internally,1.50355353988
515,appeasement,meek,1.13537731555
516,radio,dummy,1.28838495584
517,despair,hangs,1.80754635816
518,myths,trailing,1.92340995527
519,body,clothed,1.46422050383
520,thrall,hold,1.3216867084
521,cloud,sending,1.07691535116
522,theory,articulation,1.33189122182
523,litter,hulks,1.42987183388
524,dangerous,bloody,1.27274567598
525,standing,square,1.42269572536
526,mass,powerful,1.45885573769
527,consumerist,culture,1.83051341304
528,decay,stark,1.57064728632
529,condition,mutinous,1.5875955803
530,demanding,nature,1.09570127496
531,shares,jumped,1.30374900677
532,fury,tight,1.50378390641
533,menace,air,1.46639748414
534,wherere-we-going,department,1.44805293855
535,victim,predestined,1.6163958745
536,rigorously,true,1.38401622922
537,blame,bulk,1.58988285082
538,history,yield,1.02961588592
539,suburbs,tentacles,1.31752185238
540,mass,dark,1.03302934528
541,rocknroll,rebellion,1.6548239048
542,death,dominated,1.39405712896
543,hedonism,emblems,1.35751606987
544,furnace,heart,1.27491027068
545,culpability,degrees,1.28496534458
546,match,incarnation,1.52303885768
547,world,wickedness,1.45440644261
548,contemporary,context,1.18996976349
549,sea,split,1.28974629586
550,telling,blow,1.24894471708
551,community,outlined,1.11756158064
552,accent,slow,1.3432651358
553,struggle,narrative,1.04881619571
554,themselves,revived,1.28718912337
555,puff,horizon,1.10192357823
556,technically,ill-equipped,1.05044487378
557,disguise,attractive,1.32493544745
558,speculation,rich,1.45663701222
559,travelled,drums,1.6804315997
560,woman,wiry,1.2312892981
561,refined,capture,1.09389786939
562,risks,swirling,1.132907148
563,reliability,rhythmic,1.34405401855
564,frenzy,explode,1.37018181905
565,disillusionment,extends,1.41628817012
566,curves,tightening,1.38560825225
567,eye,practised,1.73296795849
568,results,etched,1.80669210839
569,style,obstruction,1.9753772591
570,glance,amused,1.56477889243
571,air,sigh,1.32508363744
572,descent,breaking,1.02961588592
573,bundle,uncooperative,1.54239061619
574,practice,relocate,1.43880835001
575,insouciance,elegant,1.99975326287
576,moratorium,stage,1.15893305644
577,lease,short,1.15290694956
578,socially,strike,1.33115528879
579,vaporous,presences,1.3754432464
580,histories,dream-work,1.46569532888
581,legend,bore,1.12949117616
582,cover,bullyboy,1.41448501965
583,unanimously,carried,1.32924415911
584,incorrigibly,isolated,1.3226633258
585,cumbersome,donkeys,1.35740975216
586,prestige,fixtures,1.37704588439
587,sorrow,share,1.02961588592
588,accurate,labelling,1.04105274159
589,abuse,spiral,1.32508363744
590,shot,smother,1.47409452183
591,sea,slicing,1.64324709499
592,vocal,forces,1.30872579892
593,style,mood,1.35706552349
594,probing,tremulously,1.51072043018
595,real,hell,1.27681289759
596,condition,diffusion,1.66400192997
597,murder,sadistic,1.46698771586
598,multiplicity,products,1.38560825225
599,jungle,drums,1.1296424321
600,acknowledgement,dips,1.21619481765
601,injection,resources,1.45105240808
602,honour,symbol,1.26707647669
603,ceiling,dark,1.24508386021
604,green,soft,1.33496448893
605,sentence,stem,1.3291253726
606,hamper,success,1.05647947205
607,faade,skeleton,1.99975326287
608,eye,critical,1.33956359197
609,criterion,disguise,1.04313979444
610,development,linking,1.03302934528
611,generous,slug,1.57258826079
612,Wine,quenching,1.43408759181
613,extroversion,inherited,1.20700023687
614,wires,web,1.07691535116
615,sophisticated,grounds,1.73949243897
616,love-affair,conducting,1.07691535116
617,dynamics,assembled,1.03881165798
618,orchestrated,campaigns,1.87425867079
619,threadbare,form,1.5975161091
620,wave-lengths,free,1.5816789187
621,punters,draw,1.02460971412
622,iniquity,waiting,1.40787567883
623,night,sharpens,1.8885885267
624,house-buying,chains,1.34110324874
625,look,smart-alecky,1.39772479286
626,Dislocated,context,1.49668750633
627,Mestizo,culture,1.23458687088
628,manufactured,eye,1.01660421218
629,demand,peaks,1.37860813975
630,eyes,sooty,1.89547487459
631,speed,forced,1.26945599539
632,ice,clothing,1.57565271681
633,context,Crisis,1.03302934528
634,excitement,brimming,1.9753772591
635,flat,reaction,1.69965294496
636,reflectively,added,1.500211751
637,reminder,hollow,1.80865637907
638,mould,intellectual,1.9753772591
639,pins,spewing,1.93398863548
640,drink,reviving,1.64069070898
641,uphill,struggle,1.62515929161
642,event,incarnation,1.30985356475
643,appetite,horse,1.31876162203
644,representative,picture,1.09389786939
645,bursting,round,1.41649828688
646,appearance,upturned,1.50983619186
647,music,stemmed,1.15622458141
648,enthusiasm,qualified,1.55976867452
649,watchers,generation,1.43034049937
650,gainer,chief,1.5352221441
651,tremulously,probing,1.56508367667
652,chanting,psalm,1.21619481765
653,Californian,sprawl,1.35461550877
654,trickle,steady,1.36175105215
655,emptiness,enter,1.23434576727
656,slug,generous,1.55637204458
657,deep,lines,1.04875260401
658,inner-city,decay,1.36175105215
659,presences,float,1.71248783206
660,rough,getting,1.00904245514
661,sacrificial,dummy,1.90783050539
662,begins,hell,1.39457146277
663,feminine,image,1.23278346531
664,roasted,waiting,1.21214101897
665,marvellously,strong,1.50995818376
666,peril,left,1.35804226765
667,dash,venerability,1.4217015872
668,sandwiches,attacked,1.2394102407
669,swept,beam,1.62047657146
670,gesture,self-containment,1.51716883253
671,skyscrapers,blending,1.68732454036
672,side-effects,dramatic,1.38194738996
673,rectangular,distribution,1.58988285082
674,regatta,threat,1.10540121441
675,mouth,pillbox,1.2183483722
676,valley,walls,1.35692434505
677,pushchair,collapsed,1.71606916277
678,musical,portraits,1.41290115113
679,essence,approaches,1.01516665894
680,block,building,1.40432683635
681,stain,conscience,1.70650774299
682,bag,committed,1.45688206264
683,half-,smothered,1.62195143743
684,strategy,articulate,1.3430188103
685,bad,patch,1.37021575924
686,principle,moving,1.14136096844
687,jungle,steel,1.69598447708
688,woodland,usurped,1.22327021821
689,Desire,search,1.07691535116
690,references,grid,1.37905422139
691,eyes,watchful,1.30515260296
692,soil,gulping,1.90213398125
693,intimidating,mould,1.44095878034
694,disco,context,1.15528346975
695,common-sense,images,1.42146568563
696,statesman,constitutional,1.35729889075
697,mysteriously,silent,1.91134746577
698,grass,sheets,1.56508367667
699,thrilled,bits,1.22993197417
700,Whips,team,1.49366201119
701,support,muster,1.02961588592
702,Frida,inner,1.39176708707
703,masks,grimacing,1.99975326287
704,streets,teeming,1.91493987805
705,extroversion,degree,1.21873392045
706,enormous,gravity,1.2312892981
707,don,choosing,1.32480754836
708,family,dimensions,1.8885885267
709,norm,marks,1.42990843499
710,convincingly,woven,1.21475683634
711,Arsenal,stuffed,1.47883165976
712,black,recesses,1.36192459223
713,staff,shifting,1.07691535116
714,unemployment,heated,1.26945599539
715,absence,spark,1.05024851365
716,plane,climbs,1.28486458922
717,input,box,1.02961588592
718,murder,sector,1.3186602596
719,little,pitifully,1.30872579892
720,conditional,branching,1.51429837483
721,cyphers,breaking,1.0694911458
722,terms,familiarity,1.47740375943
723,motivation,depress,1.02961588592
724,habitually,bent,1.05442180331
725,institutional,linkage,1.22245424452
726,abandoning,aim,1.00709916419
727,cash,calls,1.25996534458
728,sliding,sleek,1.9753772591
729,art,language,1.71219588463
730,sympathy,shot,1.47112737123
731,sun,fierce,1.48856884024
732,arguments,mobilised,1.40432683635
733,birth,mother,1.31096621316
734,self-consciously,inverted,1.05500213567
735,rigidly,clinging,1.8001827296
736,blood,fountain,1.21829126263
737,consolidate,structures,1.16743135769
738,loneliness,tide,1.82941996296
739,scarlet,ungraceful,1.8885885267
740,foreclosure,stage,1.02961588592
741,criterion,capacity,1.89599780123
742,princely,level,1.29447756129
743,initial,flak,1.68941319052
744,mother,masses,1.90213398125
745,monument,grandiose,1.8885885267
746,bleak,looked,1.03167774159
747,contrasting,mobility,1.29948340366
748,port,spy,1.29179254548
749,pottery,explodes,1.98892271364
750,sensitive,probing,1.45802394498
751,defence,poison,1.27754584541
752,water,sullen,1.78326893041
753,policy,desperate,1.36981884024
754,Solitude,Labyrinth,1.99975326287
755,metaphysical,law,1.45525537765
756,propensity,incorrigible,1.9753772591
757,writ,protective,1.69960730243
758,crusading,spin-offs,1.12574470202
759,spree,massive,1.25993860851
760,anti-colonialist,position,1.1207201829
761,mood,dictate,1.33982233571
762,culture,narrow,1.3402653798
763,lid,keeping,1.12473227106
764,somewhat,blunted,1.01516665894
765,appetite,returned,1.02961588592
766,minefield,walking,1.02961588592
767,wrongs,redress,1.7699315934
768,disadvantage,presentational,1.61517567338
769,squeak,funny,1.9284853326
770,departure,sense,1.10192357823
771,camera,candid,1.82408726856
772,crevice,threads,1.43016046887
773,unity,warmly,1.34822714363
774,numerical,balance,1.37869511801
775,morale,depress,1.27229959434
776,masculine,appeal,1.28195782578
777,craft,masonry,1.45105240808
778,double,negation,1.08835220683
779,flat,bit,1.58764690721
780,product,matrix,1.02961588592
781,hops,smack,1.49499117202
782,port,spy,1.57443489503
783,wider,spread,1.05647947205
784,own,construct,1.18996976349
785,trinity,aims,1.47339121277
786,series,buoyed,1.67557127542
787,terms,colourful,1.31231137463
788,content,pruning,1.45593359452
789,Bloody,handy,1.15640566524
790,afternoon,interrupted,1.35043059979
791,eyes,lascivious,1.90213398125
792,indifference,extreme,1.259225485
793,public,incarnation,1.30154791906
794,elevated,view,1.23248434703
795,grounds,sophisticated,1.44249050739
796,struck,feeblest,1.75200396109
797,bullish,feel,1.440791676
798,mismanagement,reigned,1.55161411475
799,stone,pale,1.56025620922
800,held,sway,1.51572688275
801,actions,antagonistic,1.03743866149
802,spirited,sections,1.04105274159
803,sky,filling,1.20446698459
804,takings,pitiful,1.39551947493
805,moments,snarl,1.62943124196
806,sketchily,drawn,1.30941820607
807,day,golden,1.32720647953
808,spring,tight-coiled,1.45690271681
809,station,sampling,1.03548194837
810,unrelievedly,voice,1.31448501965
811,count,lost,1.10192357823
812,politicized,heavily,1.01660421218
813,try,conceding,1.55521447478
814,genial,landmark,1.33404364748
815,ears,flying,1.76423926394
816,formulation,persuasive,1.63884034743
817,blood,lake,1.3218865613
818,Mind,job,1.38203898907
819,imperceptible,withdrawing,1.44450196701
820,composed,elaborately,1.66717487
821,swing,cat,1.28794477355
822,clumsy,sleight,1.8885885267
823,acute,aspect,1.07691535116
824,truth,elements,1.39405712896
825,count,toy,1.38184157035
826,sunset,fade,1.03302934528
827,firm,manoeuvre,1.20647181967
828,moored,crudely,1.81985684456
829,rebellion,mechanism,1.8885885267
830,air,gulped,1.03748252528
831,conflagration,consumed,1.44095878034
832,lead-free,lover,1.89431665304
833,movement,organic,1.27274567598
834,flues,gather,1.6371759892
835,phone,gall,1.54838582003
836,reactors,fleet,1.02961588592
837,dust,puff,1.23846022381
838,yellow,pools,1.68930987979
839,poured,golden,1.11474373737
840,fierceness,commanded,1.11111935029
841,hand,sleight,1.67104012102
842,bear,bring,1.0981966888
843,stark,extent,1.58081762748
844,distrust,symptomatic,1.98568578114
845,theatre,cauldron,1.16540694515
846,prediction,discusses,1.01660421218
847,extras,odd,1.01516665894
848,acquired,ragbag,1.67454451801
849,instrument,flexible,1.54239061619
850,dameublement,approach,1.87109787407
851,smelly,poultice,1.76868248171
852,fight,corner,1.19378270904
853,media,blow,1.42487189134
854,honeysuckle,swagged,1.23025377106
855,idealism,clothed,1.99975326287
856,masculine,image,1.10910098012
857,vicissitudes,deal,1.38653785287
858,setting,naught,1.62047657146
859,whisper,drums,1.60414794548
860,arrived,mouth,1.08044975388
861,stone,element,1.33845935597
862,habit,kick,1.50691818938
863,observations,enlightened,1.34858627447
864,spindle,legs,1.8001827296
865,win,building,1.36085254839
866,door,punters,1.38606650666
867,poultice,manoeuvre,1.41198813927
868,bedding,tired,1.77449835726
869,burns,bridges,1.50313383064
870,light,heart,1.49644090924
871,manifestation,jarring,1.99961601564
872,bitterness,hating,1.78892957116
873,sleight,impact,1.23458687088
874,negation,structure,1.71382351865
875,fall,hammer,1.27274567598
876,girl,diverted,1.07691535116
877,beat,slicing,1.54522910462
878,suffering,icon,1.52056594423
879,debilitating,flight,1.43048856371
880,deficit,wiping,1.22426277487
881,apparent,hostility,1.00776001821
882,warily,treads,1.38569562197
883,welcome,interference,1.05080099428
884,steeples,dominated,1.49045363536
885,heavens,gifts,1.31995986399
886,night,legless,1.11861788045
887,appalled,feel,1.15818544215
888,path,blobs,1.56508367667
889,joint,appeal,1.40073393088
890,rational,production,1.09043925968
891,industry,uncomfortable,1.02961588592
892,pre-war,predecessors,1.02579998424
893,strategy,resistance,1.03743866149
894,vicious,circle,1.2536707877
895,negation,double,1.11687756184
896,population,coloured,1.1277663659
897,tonally,blending,1.54239061619
898,vowels,pear-shaped,1.88841650945
899,descent,unconscious,1.1296424321
900,body,Bit,1.40072780826
901,striking,commentary,1.20174262698
902,hard,line,1.54236370394
903,sharp,relief,1.9753772591
904,potentially,explosive,1.18776243394
905,Knowledge,contained,1.43759219386
906,repetition,structure,1.10739480322
907,unity,pure,1.44947598581
908,gold,shining,1.02869585861
909,possibility,shifting,1.23167774159
910,overarching,aims,1.38293882478
911,stupid,shit,1.16314744998
912,obvious,swing,1.01445959263
913,ideal,fodder,1.04258548648
914,eyes,sparking,1.1953735291
915,backbench,fodder,1.9147678608
916,picture,swagged,1.18126834706
917,patterns,exuberant,1.73121617787
918,home,scraped,1.49499117202
919,ebb,tide,1.28826291736
920,prices,depressed,1.19594081169
921,snuffers,candle,1.8885885267
922,licence,freedom,1.44403188566
923,decay,sense,1.41054004987
924,breathing,space,1.26676142464
925,required,coda,1.33486032788
926,murky,pools,1.40216178292
927,itching,snip,1.33845935597
928,bend,round,1.0275994898
929,science,starter,1.60597087674
930,transition,painful,1.52216742245
931,looting,orgy,1.63516126424
932,period,represented,1.04105274159
933,savagery,bear,1.26945599539
934,longstanding,source,1.1239732328
935,dismissively,suggests,1.36765934809
936,preachy,feel,1.51451865722
937,liberties,erosion,1.36781202764
938,stage,foreclosure,1.45167500439
939,bear,starving,1.05647947205
940,circumstances,dictate,1.29942623029
941,subterfuge,appropriation,1.39500113252
942,ensemble,richness,1.21619481765
943,brood,hugged,1.40072780826
944,tapered,tail,1.2749502422
945,formalized,descent,1.17438756586
946,case-study,approach,1.02961588592
947,slums,companionably,1.6312871142
948,nihilism,opposes,1.39870663359
949,teeming,streets,1.91134746577
950,grandiose,monument,1.80162777706
951,beam,swept,1.259225485
952,punishment,assimilated,1.29447756129
953,gesture,delicate,1.52216742245
954,drums,jungle,1.57556107615
955,size,orbits,1.22426277487
956,liability,form,1.43408759181
957,treads,warily,1.36459237393
958,faith,handed,1.07691535116
959,war,hot,1.19633237267
960,led,dislocation,1.32493544745
961,earnings,flowed,1.03881165798
962,lorries,grinding,1.29588726224
963,freedom,deftly,1.6334848155
964,brought,orbit,1.28242734264
965,fretted,creations,1.41439119361
966,died,relics,1.42836492466
967,disconcerting,habit,1.07691535116
968,centuries,unbowed,1.30515260296
969,cuts,automatic,1.00044992349
970,drapes,pale,1.04278999222
971,pushed,pools,1.43326289645
972,introversion,degree,1.54691977415
973,adept,handling,1.35804226765
974,statement,-sounding,1.0694911458
975,electoral,landslide,1.39448166159
976,ebb,lowest,1.69260592669
977,sharpened,application,1.07691535116
978,fault,element,1.26770471187
979,reminiscent,process,1.01516665894
980,lifted,model,1.39361104731
981,ambiguity,sense,1.50896243341
982,motives,distant,1.07691535116
983,observe,rise,1.02576749117
984,extended,advertisement,1.31533759181
985,Burnt-out,litter,1.00044992349
986,word,jubilant,1.26644833137
987,thrombosis,upset,1.69398918046
988,culture,hybrid,1.63658037791
989,French,eyes,1.59180343777
990,centre-forward,forays,1.5246375854
991,advertisement,extended,1.39361104731
992,TV,starved,1.4364234676
993,brick,cathedrals,1.67104444372
994,envisages,system,1.28100452109
995,growing,malaise,1.39664163398
996,bravery,expunged,1.8885885267
997,truth,duller,1.07691535116
998,yardstick,circuit,1.45961477595
999,strategy,disengagement,1.6523441132
1000,whiskey,slug,1.02961588592
1001,chivalry,flourished,1.15248781608
1002,market,slow,1.10793926335
1003,dialectic,law,1.24637032448
1004,concomitant,values,1.25577575546
1005,trams,wave,1.25222630427
1006,operation,inflexible,1.03881165798
1007,strain,start,1.58549247802
1008,vivendi,imply,1.40711185061
1009,stoppages,features,1.16171542702
1010,detecting,grounds,1.04105274159
1011,neck,line,1.36445157648
1012,crossed,tightly,1.16951005917
1013,miles,sprawl,1.2183483722
1014,manner,concrete,1.09237648641
1015,torn,ensemble,1.68519200733
1016,principle,liberty,1.07691535116
1017,language,violent,1.36085254839
1018,trenchant,assessment,1.53534544769
1019,reputation,evolved,1.08968022143
1020,boat,secretiveness,1.59113024378
1021,environmentally,conscious,1.4721954261
1022,principle,view,1.37413013141
1023,age,victim,1.38856326947
1024,autonomy,conception,1.04105274159
1025,culture,indictment,1.8885885267
1026,volley,hammered,1.46081642179
1027,sustenance,giving,1.78119500681
1028,designers,conceived,1.47392726238
1029,suitability,highlights,1.02961588592
1030,air,cross,1.07691535116
1031,smile,bestowed,1.02961588592
1032,self-identity,firmer,1.45220204865
1033,avant-garde,attractiveness,1.92340995527
1034,cross-referencing,facilities,1.6840010068
1035,Political,consciousness,1.32938778836
1036,fulfilment,cried,1.24016862547
1037,totalizing,force,1.8001827296
1038,curls,cluster,1.38973984495
1039,worthless,rubbish,1.24985561611
1040,death,walls,1.42383434116
1041,appearance,art,1.37198117374
1042,recesses,fitted,1.33805680247
1043,runs,ribbon,1.95930070032
1044,sort,rubbish,1.07103238839
1045,burn,runs,1.2998636248
1046,hollyhocks,aggressive,1.99975326287
1047,rabbit,bleeding,1.57800536345
1048,layer,mechanism,1.05442180331
1049,enthusiasm,canalize,1.07868691785
1050,step-over,sent,1.02961588592
1051,slipped,penury,1.34441878006
1052,stairs,swept,1.53975483503
1053,defiantly,returning,1.78396651338
1054,media,blitz,1.35804226765
1055,major,plank,1.1277663659
1056,idiosyncratic,trouble,1.02173618655
1057,plans,naught,1.16171542702
1058,customers,prisoners,1.73289609491
1059,resistance,Thrusts,1.92340995527
1060,imagination,leap,1.39133099279
1061,trauma,sense,1.39664163398
1062,history,woven,1.23434576727
1063,infusion,blood,1.43728217405
1064,alienated,culture,1.49995317985
1065,attacked,savagery,1.18689193048
1066,definition,refined,1.05647947205
1067,Frantically,rooted,1.37905422139
1068,criminal,calendar,1.38994672882
1069,involved,controls,1.50716451488
1070,pay,trash,1.21794880192
1071,blue,affair,1.38755418878
1072,earth,pal,1.66503276527
1073,concrete,pillbox,1.38761658926
1074,battle,swung,1.09389786939
1075,ethnic,dimension,1.15290694956
1076,diagrams,storage,1.0694911458
1077,self-portraits,reading,1.01011761612
1078,house,model,1.53238561228
1079,history,footnote,1.84055046097
1080,voice,-projected,1.30107306084
1081,immense,sweeps,1.34909189504
1082,parents,steering,1.02961588592
1083,summer,sprawl,1.4719938552
1084,magazine,Whipped,1.01960037474
1085,western,ride,1.09389786939
1086,elements,ragbag,1.9753772591
1087,dishes,host,1.32989878722
1088,thoroughfares,canyon,1.22948589252
1089,motives,distant,1.11589035059
1090,flat-,faced,1.34405401855
1091,importance,rejoiced,1.29588726224
1092,cast,furiously,1.29929287919
1093,expensively,hired,1.3430188103
1094,bomb,plot,1.35678904433
1095,gruesome,picture,1.03069305784
1096,pound,heart,1.47002462629
1097,totalization,enveloping,1.8001827296
1098,reasons,quashed,1.42413519597
1099,grass,shaggy,1.06253634086
1100,dailies,range,1.24985561611
1101,dignified,resistance,1.08835220683
1102,re-runs,park,1.69598447708
1103,response,shades,1.11806577631
1104,letter,friendly,1.0694911458
1105,indictment,culture,1.50623456644
1106,totalization,takes,1.56641359421
1107,hair,framed,1.10192357823
1108,acquiesce,arrangement,1.49045363536
1109,faculty,immature,1.43582966817
1110,punitive,course,1.99975326287
1111,regular,stream,1.07691535116
1112,floor,marble,1.72746871131
1113,match,model,1.377975485
1114,chair,anatomy,1.34858627447
1115,poisoned,atmosphere,1.62047657146
1116,helm,team,1.4331602407
1117,Figures,Space,1.41673957937
1118,sense,isolation,1.15429122166
1119,Speed,essence,1.00512342455
1120,divide,narrower,1.34372600177
1121,market,tough,1.75800519337
1122,reeds,haze,1.68574268855
1123,ultimate,temple,1.63857486439
1124,Destined,run,1.0285900184
1125,chandeliers,extinguished,1.36902599273
1126,Asian,tigers,1.43752849956
1127,travelling,chaos,1.34909189504
1128,refusing,point-black,1.8001827296
1129,sepia-,view,1.60500012262
1130,senses,leave,1.68476842954
1131,chateau,fine,1.44330149845
1132,English,mould,1.6045998057
1133,bulk,overpowering,1.59714074291
1134,branches,hysterics,1.86316869725
1135,black,islands,1.48849339956
1136,rivers,busy,1.98607056109
1137,thinning,roll,1.30941820607
1138,-will,ill,1.29761020795
1139,circle,vicious,1.02280532035
1140,stick,thrown,1.1480362145
1141,window,mean,1.22291080975
1142,conflict,incarnation,1.37905422139
1143,morale,lifts,1.30414410581
1144,gained,footnote,1.33526889569
1145,Summer,bedding,1.27713361482
1146,beer,lace,1.45469846385
1147,hungry,gently,1.4483483722
1148,drink,unquenching,1.47740375943
1149,time,hold,1.20310966066
1150,unconscious,descent,1.02978829558
1151,whisky,desires,1.28670975297
1152,quench,light,1.73539270399
1153,philosophy,served,1.45961477595
1154,job,manicure,1.22481060675
1155,hand,mouth,1.34544921555
1156,cost,bomb,1.36388520502
1157,practice,conceived,1.32593217113
1158,content,separated,1.37905422139
1159,striding,haunts,1.16819691156
1160,campaign,resistance,1.69034935968
1161,vied,models,1.72463965642
1162,encapsulation,reduce,1.34052952718
1163,ban,tightened,1.19177316906
1164,raster,displays,1.57245964602
1165,step,spring,1.93398863548
1166,towns,satellite,1.15847216421
1167,hymns,mixture,1.28197780826
1168,forefront,flutters,1.48097087674
1169,bad,chants,1.04313979444
1170,opinion,shades,1.61789271234
1171,principality,disintegrated,1.13206512715
1172,trying,probe,1.31532478974
1173,modern,market,1.34702172384
1174,physically,settle,1.12831441751
1175,society,consciousness,1.20938690122
1176,round,rooted,1.37905422139
1177,science,encapsulation,1.8001827296
1178,bombshell,hold,1.35791391519
1179,daisies,ox-eye,1.32218307633
1180,self-esteem,destruction,1.07691535116
1181,world,silent,1.39097243468
1182,Scientists,click,1.26945599539
1183,dipping,drunkenly,1.66717487
1184,stark,decay,1.36581455622
1185,sector,murder,1.45148894728
1186,dummy,sitting,1.24508386021
1187,asperity,touch,1.94720029323
1188,ageing,fleet,1.17258788236
1189,editions,softer,1.39664163398
1190,shot,sympathy,1.49045363536
1191,overtones,strong,1.09570127496
1192,defence,pill,1.51716883253
1193,Mexican,bean,1.33191583609
1194,rational,consideration,1.07691535116
1195,pace,slackening,1.02961588592
1196,grass,threadbare,1.57565271681
1197,grounds,explodes,1.48038927811
1198,rations,relish,1.9753772591
1199,brilliant,specks,1.50904654718
1200,management,structures,1.02981892202
1201,opera,plotless,1.8885885267
1202,heads,lumbered,1.68004448133
1203,gamblers,heavy,1.3432651358
1204,haze,golden,1.67026153685
1205,liability,constructive,1.45167500439
1206,raise,borderlines,1.01318823992
1207,feel,capture,1.2002064148
1208,party,cry,1.35862247027
1209,unemployment,mop,1.64872963989
1210,honey,poured,1.05647947205
1211,bells,ring,1.31852613862
1212,cutwater,sheared,1.62174676018
1213,common,sorrow,1.11634792512
1214,forces,stemmed,1.39617019159
1215,path,slits,1.72580109707
1216,governing,provisions,1.36616484526
1217,phosphorescence,curling,1.70192262677
1218,horses,string,1.0009195017
1219,round,forays,1.07691535116
1220,inequalities,accentuating,1.40492093497
1221,lounged,models,1.60452292797
1222,word,breathe,1.63786403214
1223,risk,mosaics,1.99975326287
1224,vespers,service,1.49078406128
1225,disobedience,campaign,1.60551278753
1226,getting,rough,1.01701859817
1227,atmosphere,poisoned,1.33909201072
1228,silence,settle,1.36076495753
1229,souls,cabbages,1.69743489503
1230,terms,hysterically,1.21869233115
1231,emblems,rebellion,1.54856267621
1232,islands,strewn,1.89431665304
1233,pools,murky,1.22245424452
1234,ground,rose,1.32989878722
1235,join,core,1.35182750367
1236,provision,enacting,1.39361104731
1237,defender,spare,1.25455031657
1238,rocknroll,voice,1.32321566595
1239,birds,haunts,1.18601197739
1240,grass,pale,1.42146351899
1241,disorder,scenes,1.27274567598
1242,head,swell,1.8001827296
1243,effects,material,1.04105274159
1244,modest,smack,1.35717845457
1245,rise,swift,1.08131736667
1246,success,by-product,1.13541080975
1247,communion,exercised,1.02988905774
1248,systematization,eluded,1.55105749701
1249,equally,keen,1.35196826457
1250,experiment,stick,1.01660421218
1251,notion,exercises,1.02961588592
1252,acting,beaters,1.22376708707
1253,natural,links,1.44721527112
1254,hell,bloody,1.16314744998
1255,lesser,shades,1.29026668673
1256,ribbon,round,1.11263534348
1257,pride,proprietorial,1.99975326287
1258,goals,sunk,1.14431218625
1259,power,recovery,1.30374900677
1260,effort,commend,1.02961588592
1261,ticking,soft,1.60493967845
1262,discontent,forces,1.67100729682
1263,harmony,rising,1.11679061104
1264,starving,bear,1.02981892202
1265,riddled,holes,1.69598447708
1266,fault,element,1.45421038566
1267,sheared,slices,1.31448501965
1268,statistical,package,1.01660421218
1269,distinctions,drawn,1.02961588592
1270,person-oriented,account,1.07691535116
1271,wear,squares,1.20374603295
1272,immunity,bought,1.56444921748
1273,period,feel,1.06945920944
1274,violence,scourge,1.25441059481
1275,scourge,tried,1.36616484526
1276,programme,amount,1.07897720683
1277,countries,puny,1.37276715167
1278,hard,nut,1.04711265386
1279,constraints,powerful,1.0170197704
1280,race,imagery,1.57395945716
1281,lavatory,refused,1.70366201119
1282,sun,courtesy,1.03689631245
1283,technology,furious,1.37143196512
1284,question,larger,1.23458687088
1285,universal,incarnate,1.72840655495
1286,market,depressed,1.00959439281
1287,wave,pattern,1.28496534458
1288,minutes,scuffling,1.01079538865
1289,upwards,projected,1.36085254839
1290,mother,culture,1.36867145714
1291,Hazard,hints,1.51951155064
1292,diffusion,condition,1.69598447708
1293,smasher,little,1.8885885267
1294,skeletal,form,1.30304378006
1295,class,struggle,1.37552345376
1296,remains,welcomed,1.00959439281
1297,redress,balance,1.36977271515
1298,presences,vaporous,1.80162777706
1299,tide,ebb,1.38596967105
1300,paper,extensive,1.29677994186
1301,church,sweet,1.39772803644
1302,cars,edging,1.05057723969
1303,villain,system,1.88781045826
1304,sunlight,swathe,1.66017349426
1305,magnetism,aspects,1.44066892896
1306,repetition,structure,1.22245424452
1307,genetic,make-up,1.23167774159
1308,fingers,crippled,1.32745804078
1309,success,half-way,1.22756158207
1310,revolution,unarmed,1.75800519337
1311,slices,sheared,1.24370824362
1312,dwindling,appeal,1.46605931214
1313,hull,sliding,1.0516792277
1314,cupboard,bare,1.58364851794
1315,static,donkeys,1.68941319052
1316,masculine,view,1.20310966066
1317,manifestations,defiled,1.82653408095
1318,breast,flashing,1.99961601564
1319,emblem,silent,1.71858141921
1320,doubt,throws,1.91282728325
1321,alcohol,subject,1.09570127496
1322,obvious,parallels,1.02961588592
1323,elected,tide,1.26252981673
1324,conglomeration,odd,1.45105240808
1325,scrum-,half,1.37018381685
1326,impact,sleight,1.2358212792
1327,acclaim,substantial,1.24544921555
1328,debate,plank,1.76257821981
1329,brains,partnership,1.20374603295
1330,golden,poured,1.46875956016
1331,bargain,break,1.37993905295
1332,moral/social,threshold,1.07691535116
1333,blameworthy,form,1.91493987805
1334,musique,approach,1.64449119143
1335,minority,constructed,1.1450289039
1336,foreclosure,stage,1.45421038566
1337,revolution,mother,1.04520165011
1338,multiplicity,initiating,1.19177316906
1339,unconscious,political,1.8885885267
1340,hints,broad,1.07907059286
1341,criminal,ghetto,1.51695908911
1342,organizations,absorbed,1.39405712896
1343,wander,little,1.22948589252
1344,brilliant,discreet,1.39545242967
1345,government,afford,1.3583476422
1346,thrill,suppress,1.07691535116
1347,smell,sickly,1.79686316946
1348,consumed,conflagration,1.1537180218
1349,bout,articulates,1.34790499678
1350,sub-clauses,pushed,1.34020318503
1351,mass,dark,1.6442762618
1352,decorative,explosive,1.05058609416
1353,luck,bit,1.31737707634
1354,protection,loss,1.52216742245
1355,despair,inner,1.25582666431
1356,vigorous,exchanges,1.3146195041
1357,mechanical,millipedes,1.48734450285
1358,unmoved,prospect,1.2301843351
1359,clouds,voluminous,1.36581455622
1360,tram,mournful,1.81985684456
1361,head,elements,1.02961588592
1362,generality,ruled,1.3143802139
1363,volumes,notices,1.82929560189
1364,smile,wipe,1.31800926879
1365,road,climbed,1.31727291529
1366,rise,tandem,1.01660421218
1367,satisfactory,line,1.20310966066
1368,shining,gold,1.3027790464
1369,heated,mixture,1.54665210692
1370,flotation,plans,1.35678904433
1371,merely,eliminating,1.3027790464
1372,tradition,frozen,1.67450564596
1373,colour,explodes,1.9753772591
1374,science,reconstruct,1.01722851461
1375,mosquito,perched,1.60422816726
1376,grass,roots,1.04881619571
1377,undecidables,products,1.54456274158
1378,military,households,1.31231137463
1379,repackaging,remove,1.00144791889
1380,skies,soared,1.45802394498
1381,hugged,candle,1.37338502209
1382,panic,seeds,1.2451306333
1383,putting,mildly,1.29761020795
1384,word,breathed,1.1506981032
1385,flight,debilitating,1.40732457207
1386,roots,disorder,1.01660421218
1387,vizor,staring,1.7547579063
1388,doubt,shadow,1.33909201072
1389,properly,penitent,1.57824845435
1390,threatened,expulsion,1.46591873962
1391,fervour,swept,1.52030075557
1392,behaviour,extensive,1.42585817482
1393,strikes,sheared,1.63130921154
1394,feminism,evaporated,1.72233582843
1395,plans,ruins,1.33899953269
1396,repugnant,sense,1.86646461631
1397,officer,hokey-cokey,1.21619481765
1398,ease,contemptuous,1.83106811216
1399,cream,digs,1.57258826079
1400,reflects,revolution,1.39809827886
1401,child,dim,1.87425867079
1402,tentacles,knotted,1.9753772591
1403,body,art,1.14071977305
1404,theology,fruit,1.9753772591
1405,innocuous,plant,1.36977271515
1406,provide,roof,1.22948589252
1407,data,scanty,1.52609444362
1408,descents,interspersed,1.18207314789
1409,non-punitive,character,1.51779916359
1410,opinion,buoyed,1.67172268614
1411,moments,world,1.62640822355
1412,struck,bargain,1.10192357823
1413,trains,toy,1.36175105215
1414,figure,wand-,1.36459976647
1415,practical,ensemble,1.25996534458
1416,stony,beds,1.22746692024
1417,comforting,symbol,1.51572688275
1418,context,Dislocated,1.2451306333
1419,gilded,legs,1.40085596947
1420,developed,tandem,1.07691535116
1421,self-consciousness,masses,1.45421038566
1422,momentarily,blunt,1.37905422139
1423,wee,bit,1.64711519964
1424,shades,response,1.00254778376
1425,illusions,fostered,1.2451306333
1426,workrooms,warren,1.99975326287
1427,rubbish,worthless,1.44217099865
1428,inbred,culture,1.51572688275
1429,Drinks,exercises,1.29948340366
1430,totalization,incarnates,1.36867145714
1431,day,feeblest,1.46731065984
1432,science,packaged,1.3486880096
1433,proportioned,humbly,1.22426277487
1434,past,adventurous,1.23458687088
1435,totalizing,systems,1.11687756184
1436,fume,cupboard,1.96052447655
1437,sky,beam,1.16041923026
1438,increase,ceiling,1.09043925968
1439,foreclosure,pupils,1.65064494722
1440,incorrigibly,narrow,1.73319683765
1441,camera,candid,1.46875956016
1442,concentration,short,1.16495085556
1443,fingers,trigger,1.82929560189
1444,network,gateway,1.16314744998
1445,ribbon,runs,1.62304015397
1446,air,gods,1.30525856875
1447,body,canvas,1.54923741915
1448,nets,saucer,1.99975326287
1449,soil,possessed,1.19633237267
1450,sky,climbed,1.45711231097
1451,workaday,world,1.38571818322
1452,nation,conscience,1.51051854941
1453,mountains,heart,1.27410299991
1454,tones,anguished,1.8885885267
1455,upsurge,feature,1.61951254341
1456,violence,spectre,1.57779659413
1457,waters,smothered,1.8885885267
1458,Western,wing,1.08131736667
1459,inappropriately,transform,1.02961588592
1460,thrill,ran,1.39457146277
1461,straining,heads,1.02961588592
1462,tour,loads,1.30515260296
1463,age,narcissistic,1.4859661273
1464,probation,context,1.2480233347
1465,giving,pools,1.33518597337
1466,tell-tale,signs,1.45421038566
1467,hull,powerful,1.3542781522
1468,spiritual,embrace,1.01011761612
1469,header,careful,1.49871222029
1470,security,dipping,1.10739480322
1471,tentacles,free,1.25040174181
1472,objections,bitter,1.63137204458
1473,girl,pig,1.09949755997
1474,stupidly,gazed,1.65108726856
1475,dictate,mood,1.34362426664
1476,overwhelming,wishes,1.41557282811
1477,painting,confines,1.38653785287
1478,monomania,verges,1.59973328195
1479,week,bloody,1.04444989747
1480,slits,path,1.4736018285
1481,boxing,incarnation,1.29978040055
1482,disregard,wanton,1.60195869874
1483,supporter,cross,1.43591143751
1484,information,spot,1.55310329639
1485,majority,coupled,1.20266357902
1486,perfunctory,air,1.51716883253
1487,Arsenal,stitched,1.38200789221
1488,Government,isolate,1.02961588592
1489,spotters,blessing,1.06426915096
1490,penetrated,campaign,1.33842446534
1491,sans,progress,1.40144265131
1492,dress,power,1.79750295503
1493,Privacy,ticklish,1.55293286028
1494,explosion,window,1.03302934528
1495,question,stark,1.70989869793
1496,relatively,scanty,1.44172260856
1497,force,masculine,1.45335231287
1498,entry,illustrated,1.19278220943
1499,ego-identity,stage,1.22245424452
1500,policies,distance,1.37552345376
1501,target,ambitious,1.11560297647
1502,golden,haze,1.55095298406
1503,girl,dazzling,1.38826291736
1504,rain,tipping,1.26817459223
1505,rebuffed,rudely,1.88167655427
1506,double,negation,1.8885885267
1507,dead,unknown,1.25586965117
1508,friend,glittering,1.99975326287
1509,health,peak,1.00609646397
1510,interview,entails,1.47720218853
1511,political,unconscious,1.8885885267
1512,excitement,bubbling,1.57517780427
1513,block,building,1.43408759181
1514,relief,sharp,1.30812625677
1515,hand,dismissive,1.18897720683
1516,pint,dry,1.50716451488
1517,election,break,1.17870583122
1518,narky,bastards,1.21743827531
1519,nightly,regiment,1.96985434488
1520,results,terse,1.32700561866
1521,style,dictate,1.54517869405
1522,unobtrusive,clarity,1.9753772591
1523,intensive,self-examination,1.02961588592
1524,strangely,inverted,1.11310376848
1525,fingers,gentle,1.3432651358
1526,nerve,failure,1.47173329475
1527,sufficiently,wanton,1.91134746577
1528,sarong-style,vibrant,1.78055068552
1529,competitive,desperately,1.07691535116
1530,wires,slight,1.59758826079
1531,aperitif,powerful,1.31587272743
1532,secure,situation,1.33191583609
1533,soupy,contrast,1.29901284198
1534,drug,barons,1.91493987805
1535,savagery,attacked,1.01660421218
1536,reciprocal,nature,1.33985191959
1537,delinquents,tougher,1.32147588486
1538,dependence,breaks,1.07666854768
1539,tantamount,admitting,1.19856418433
1540,catalogue,saying,1.35791391519
1541,reminders,inflexible,1.23449942618
1542,sky,flaring,1.99961601564
1543,meal,wash,1.10910098012
1544,responses,dominate,1.05897720683
1545,financial,crash,1.1256864466
1546,taking,slowly,1.00371931323
1547,rationality,stakes,1.3291253726
1548,awareness,astute,1.80162777706
1549,dialectic,law,1.49639819168
1550,pig,deal,1.30900019461
1551,reasons,accept,1.02961588592
1552,routines,chains,1.95916104288
1553,sky,swept,1.27491027068
1554,tight-coiled,explode,1.10075756237
1555,lunch,ruins,1.1535782299
1556,Truth,projecting,1.09043925968
1557,soil,uncompromising,1.49474484651
1558,negativity,formulation,1.37373759504
1559,faithful,eyes,1.8885885267
1560,conditions,tomb,1.41765733857
1561,rough,seeing,1.44098183592
1562,blurb,describes,1.56983412854
1563,shouting,worth,1.01516665894
1564,symbolic,sense,1.5379129312
1565,incomprehensible,products,1.56426428256
1566,crime,constructive,1.99975326287
1567,added,reflectively,1.46658453935
1568,dull,physics,1.69260592669
1569,liberation,market,1.07691535116
1570,majority,slender,1.25814303107
1571,predestined,victim,1.89522899759
1572,narrow,culture,1.02961588592
1573,rays,golden,1.39374676741
1574,tap,sorted,1.08131736667
1575,undecidables,encounters,1.09250111536
1576,burn,threads,1.57462027263
1577,sprinkled,passing,1.31651387703
1578,triumphant,expansion,1.61222351304
1579,existence,justification,1.16009087986
1580,shape,sharp,1.02961588592
1581,oppression,mechanism,1.15056381448
1582,salt,rich,1.30374900677
1583,psephology,suggest,1.05464509746
1584,tension,source,1.07691535116
1585,dissolution,position,1.3697740471
1586,courts,princely,1.45885573769
1587,drums,travelled,1.91493987805
1588,discussion,invited,1.50929403276
1589,cash,call,1.16483463165
1590,Gringolandia,values,1.04794656349
1591,phallocentric,leaps,1.10075756237
1592,juxtaposed,thrust,1.40713495584
1593,oiled,runners,1.46659450285
1594,unleaded,greenness,1.67172268614
1595,Hanged,chicken,1.49019780627
1596,line,smother,1.17935030173
1597,days,shake,1.21159420259
1598,abuse,pattern,1.2917420771
1599,dark,mouth,1.02961588592
1600,unit,handsome,1.44025005992
1601,nearest,quenching,1.43408759181
1602,conviction,construct,1.58148957231
1603,name,Elastoplast,1.13411827463
1604,disturbingly,throws,1.36237913768
1605,form,threadbare,1.04929681873
1606,consciousness,revolution,1.9753772591
1607,shroud,sigh,1.38799062946
1608,architecture,unassuming,1.76868248171
1609,pride,touch,1.91134746577
1610,persuasive,formulation,1.26778785287
1611,hangs,pi√±ata,1.6464264
1612,disgraceful,dimensions,1.32349959596
1613,leadership,ratified,1.11120836254
1614,unrelievedly,soupy,1.98892271364
1615,rhythmic,moaning,1.5612939777
1616,border,ran,1.68574268855
1617,soil,female,1.85577131431
1618,accompaniment,clouds,1.35128489914
1619,universal,incarnates,1.89661106703
1620,reduce,encapsulation,1.37552345376
1621,crime,amplitude,1.8885885267
1622,shapely,clumps,1.89490676093
1623,discussion,stifling,1.51572688275
1624,bend,bloody,1.76700523097
1625,effort,design,1.57921038566
1626,hard,nails,1.57908453935
1627,claim,encapsulated,1.08968022143
1628,head,golden,1.60783350663
1629,spring,step,1.9753772591
1630,chestnuts,prance,1.57951028935
1631,serious,heavy,1.33982233571
1632,intellectualism,narrow,1.45550797714
1633,trickle,savoured,1.25610258085
1634,riots,depoliticize,1.48353323037
1635,balls-up,bit,1.38606650666
1636,constantly,projecting,1.24544921555
1637,rally,fringe,1.53458220476
1638,artistry,sheer,1.08317794562
1639,category,negation,1.76881056467
1640,echoes,picked,1.72511170933
1641,memory,expunged,1.8885885267
1642,arrests,sweep,1.69598447708
1643,western,galloped,1.12211265386
1644,ghosts,drawing,1.29078323352
1645,screeched,action,1.30198117374
1646,discrete,pieces,1.02961588592
1647,particularly,struck,1.24544921555
1648,sharply,etched,1.50899409634
1649,PUNISHMENT,DEMANDING,1.40682199922
1650,coping,stone,1.71857791305
1651,leave,senses,1.47667963349
1652,aircraft,extension,1.36273179499
1653,unions,posturing,1.47720218853
1654,hours,kinder,1.69598447708
1655,recesses,probe,1.47179779825
1656,core,join,1.07691535116
1657,run,Destined,1.52879007043
1658,stars,bursting,1.55361254624
1659,economically,puny,1.56477889243
1660,stretching,bridge,1.30125624019
1661,plane,lurches,1.07766820941
1662,legal,tussle,1.22782145748
1663,Shrubs,relish,1.06323167418
1664,scourge,remove,1.38357014758
1665,denunciation,regarded,1.02727275084
1666,victory,pulsating,1.5136958542
1667,discourse,site,1.09043925968
1668,pi√±ata,hangs,1.4972122744
1669,desire,coupled,1.67557127542
1670,washing,wrung,1.12092880829
1671,individual,articulate,1.52712769772
1672,teenagers,awash,1.18775992689
1673,wave,process,1.33336969213
1674,job,life,1.10739480322
1675,spur,stands,1.10942142011
1676,decorative,adoption,1.11893941751
1677,revolution,consciousness,1.06390367742
1678,practical,ensemble,1.71286403214
1679,voice,lazy,1.22746692024
1680,defiantly,squared,1.75382006266
1681,sufficient,resolution,1.23563813138
1682,valley,penetrated,1.74534485443
1683,fall,petal,1.57824845435
1684,unrealizable,incarnation,1.06456766679
1685,blue,crinkled,1.65049224912
1686,erosion,liberties,1.72233582843
1687,depends,conception,1.02961588592
1688,mass,consciousness,1.29179254548
1689,gently,prod,1.19177316906
1690,bring,roof,1.58100332528
1691,ugly,air,1.70751342367
1692,injunction,seeking,1.45421038566
1693,totalization,enveloping,1.91134746577
1694,hidden,folds,1.33654011895
1695,oppressive,nature,1.57779659413
1696,salad,department,1.09906850261
1697,cell,bare,1.39752513359
1698,eyes,mopped,1.47077192306
1699,reality,throbbing,1.81985684456
1700,historicist,schemas,1.80162777706
1701,palate,ready,1.48413346415
1702,offences,revolving,1.09043925968
1703,vassalage,symbol,1.8885885267
1704,causing,culpable,1.13497249937
1705,culture,alienated,1.0694911458
1706,progress,sans,1.64578965152
1707,underpinned,aim,1.37834702992
1708,flat,response,1.53710868082
1709,exponent,approach,1.43016046887
1710,appetites,dismiss,1.56885829686
1711,malaise,growing,1.6607089146
1712,cost,astronomical,1.90959651937
1713,follow,front,1.01660421218
1714,mosaics,construct,1.04240766717
1715,trees,straggling,1.20309556544
1716,imagination,exercise,1.39191281152
1717,body,socialised,1.47720218853
1718,averages,law,1.49669543846
1719,hopelessly,strain,1.84011326496
1720,sprinkled,lightly,1.61112881819
1721,MURDER,DEFINING,1.36859180715
1722,series,juxtapositions,1.17103171773
1723,images,prosperous,1.52216742245
1724,guiding,light,1.25891287542
1725,third,bid,1.20870804078
1726,cities,tinderbox,1.90666907399
1727,looked,faded,1.45690271681
1728,pill,defence,1.42600158427
1729,bill,bloody,1.12458544414
1730,appetite,sharpen,1.44772627019
1731,modern,attitudes,1.09389786939
1732,beat,retreat,1.30376379109
1733,day,dragged,1.99975326287
1734,detour,save,1.24370824362
